benchmarks,tile_widths,perf_weight,total_fidelity,nbins,total_coherence_fidelity,total_transfer_fidelity,avg_bin_duration,cummulative_duration
swap_test_n25-bv_n19,"[[37, 52]]",0.2,0.5750061010156474,1,0.9292504472635889,0.801628036393832,4524.728970847901,7295.401573750142
adder_n18-ghz_n23-dnn_n16-seca_n11,"[[37, 47, 37], [22]]",0.2,0.4300776403943987,2,0.9219694357252903,0.7571914943525917,7260.532739177842,26588.11899466253
cat_n22-bv_n19-seca_n11-wstate_n27-ghz_n23-dnn_n16,"[[22, 47, 47, 37, 57], [37]]",0.2,0.5790882685602242,2,0.9194652257891963,0.8478237090774324,6621.705138729738,14083.484534666932
adder_n18-swap_test_n25-bv_n19-dnn_n16-seca_n11-ghz_n23-ising_n26-wstate_n27,"[[37, 22, 37, 52, 57, 57, 37, 47]]",0.2,0.4685985638289607,1,0.8942927714539962,0.7711441471203284,7404.944400699105,16582.07178485758
seca_n11-dnn_n16-swap_test_n25-knn_n25-bv_n19-wstate_n27-ghz_n23-cat_n22-adder_n18-ising_n26,"[[37, 47, 37, 37, 52, 57, 22, 47, 52], [57]]",0.2,0.48159350493148523,2,0.8865938986869851,0.7787033741169915,8024.590884383462,19659.469147834207
swap_test_n25-bv_n19,"[[37], [52]]",0.4,0.539636647103667,2,0.8629643345119091,0.8040377382995528,8390.553242399536,19458.212039947837
adder_n18-ghz_n23-dnn_n16-seca_n11,"[[37, 47, 22], [37]]",0.4,0.498267714820536,2,0.93393106449133,0.7771467460721321,5994.205188999045,15444.740157857452
cat_n22-bv_n19-seca_n11-wstate_n27-ghz_n23-dnn_n16,"[[47, 37, 57, 22, 47, 37]]",0.4,0.5788189942328782,1,0.9190376771862725,0.8478237090774324,6699.017363469182,9163.09082837992
adder_n18-swap_test_n25-bv_n19-dnn_n16-seca_n11-ghz_n23-ising_n26-wstate_n27,"[[37, 22, 37, 52, 57, 57, 37, 47]]",0.4,0.4685985638289607,1,0.8942927714539962,0.7711441471203284,7404.944400699105,16582.07178485758
seca_n11-dnn_n16-swap_test_n25-knn_n25-bv_n19-wstate_n27-ghz_n23-cat_n22-adder_n18-ising_n26,"[[37, 47, 37, 37, 52, 57, 22, 47, 52], [57]]",0.4,0.48159350493148523,2,0.8865938986869851,0.7787033741169915,8024.590884383462,19659.469147834207
swap_test_n25-bv_n19,"[[37], [52]]",0.6,0.539636647103667,2,0.8629643345119091,0.8040377382995528,8390.553242399536,19458.212039947837
adder_n18-ghz_n23-dnn_n16-seca_n11,"[[37], [22, 47], [37]]",0.6,0.4806367085681486,3,0.8955081983491845,0.7787033741169919,6751.5338835481225,36351.36287763441
cat_n22-bv_n19-seca_n11-wstate_n27-ghz_n23-dnn_n16,"[[47, 37, 22, 37, 47], [57]]",0.6,0.584552350524729,2,0.9270103393170798,0.8481065055323866,5319.403176749362,17944.17932636645
adder_n18-swap_test_n25-bv_n19-dnn_n16-seca_n11-ghz_n23-ising_n26-wstate_n27,"[[37, 47, 57, 57, 22, 37, 37], [52]]",0.6,0.4748331965597674,2,0.8958547626487254,0.7736557006473191,7327.999351096863,29960.33884492982
seca_n11-dnn_n16-swap_test_n25-knn_n25-bv_n19-wstate_n27-ghz_n23-cat_n22-adder_n18-ising_n26,"[[57, 47, 37, 37, 22, 37, 52, 47], [52], [57]]",0.6,0.4837339725719179,3,0.8936233291536761,0.7766803647233324,6888.82042866699,40901.81303787683
swap_test_n25-bv_n19,"[[52], [37]]",0.8,0.539636647103667,2,0.8629643345119091,0.8040377382995528,8390.553242399536,19458.212039947837
adder_n18-ghz_n23-dnn_n16-seca_n11,"[[37], [22], [37], [47]]",0.8,0.46850166436339136,4,0.8728985404121873,0.7787033741169919,9710.44042906471,51897.442076090556
cat_n22-bv_n19-seca_n11-wstate_n27-ghz_n23-dnn_n16,"[[37, 22, 37], [47], [47], [57]]",0.8,0.5813660459037534,4,0.9219573490670078,0.8481065055323866,5668.693706303492,29353.295388338585
adder_n18-swap_test_n25-bv_n19-dnn_n16-seca_n11-ghz_n23-ising_n26-wstate_n27,"[[47, 57, 57, 37], [37], [22], [37], [52]]",0.8,0.5125565439598356,5,0.8988352140248375,0.7853539033033955,6902.3149100102255,52351.92048636863
seca_n11-dnn_n16-swap_test_n25-knn_n25-bv_n19-wstate_n27-ghz_n23-cat_n22-adder_n18-ising_n26,"[[57, 47, 37, 37, 22, 37, 52, 47], [52], [57]]",0.8,0.4837339725719179,3,0.8936233291536761,0.7766803647233324,6888.82042866699,40901.81303787683
swap_test_n25-bv_n19,"[[37], [52]]",1.0,0.539636647103667,2,0.8629643345119091,0.8040377382995528,8390.553242399536,19458.212039947837
adder_n18-ghz_n23-dnn_n16-seca_n11,"[[22, 47], [37], [37]]",1.0,0.4806367085681486,3,0.8955081983491846,0.7787033741169919,6751.5338835481225,36351.36287763441
cat_n22-bv_n19-seca_n11-wstate_n27-ghz_n23-dnn_n16,"[[22, 37, 37, 47], [57], [47]]",1.0,0.5827190446902918,3,0.9241029975501225,0.8481065055323866,5513.302988178953,23951.83967310453
adder_n18-swap_test_n25-bv_n19-dnn_n16-seca_n11-ghz_n23-ising_n26-wstate_n27,"[[37, 22, 37, 57, 57, 47, 37], [52]]",1.0,0.4751088985371974,2,0.8963749220043514,0.773655700647319,7284.491168771943,29887.611802968764
seca_n11-dnn_n16-swap_test_n25-knn_n25-bv_n19-wstate_n27-ghz_n23-cat_n22-adder_n18-ising_n26,"[[57, 47, 37, 37, 22, 37, 52, 47], [52], [57]]",1.0,0.4837339725719179,3,0.8936233291536761,0.7766803647233324,6888.82042866699,40901.81303787683
